---,boolS,bool_array,text,vector,Rotator,Transfrom,vec2
11,False,"(True,False)",,"((X=0.000000,Y=0.000000,Z=0.000000),(X=0.000000,Y=0.000000,Z=0.000000))","(Pitch=0.000000,Yaw=0.000000,Roll=0.000000)","(Rotation=(X=0.000000,Y=0.000000,Z=0.000000,W=1.000000),Translation=(X=0.000000,Y=0.000000,Z=0.000000),Scale3D=(X=1.000000,Y=1.000000,Z=1.000000))","(X=0.000000,Y=0.000000)"
22,False,"(True,True)",,"((X=4.000000,Y=5.000000,Z=2.000000),(X=0.000000,Y=0.000000,Z=0.000000))","(Pitch=3.000000,Yaw=0.002000,Roll=0.100000)","(Rotation=(X=1.000000,Y=0.030000,Z=2.000000,W=1.000000),Translation=(X=0.000000,Y=0.000000,Z=0.000000),Scale3D=(X=1.000000,Y=1.000000,Z=1.000000))","(X=0.000000,Y=0.000000)"
33,False,"(True,False)",,"((X=0.000000,Y=0.000000,Z=0.000000),(X=1.000000,Y=0.000000,Z=0.000000))","(Pitch=2.000000,Yaw=0.000000,Roll=0.000000)","(Rotation=(X=0.000000,Y=0.200000,Z=0.0002000,W=1.000000),Translation=(X=0.000000,Y=0.000000,Z=0.000000),Scale3D=(X=1.000000,Y=1.000000,Z=1.000000))","(X=0.000000,Y=0.010000)"
